parentName,childName,interestStartDate
Sean Carroll,RS RESPONSE TRUSTEES LIMITED,2020-09-01
Sean Carroll,RS RESPONSE TRUSTEES LIMITED,2020-09-01
CHESTERS STABLES LTD,BORN IN SCOTLAND LTD,2020-09-01
CHESTERS STABLES LTD,BORN IN SCOTLAND LTD,2020-09-01
CHESTERS STABLES LTD,BORN IN SCOTLAND LTD,2020-09-01
Anthony Brierley Collins,WORKPLACE MANAGEMENT SERVICES LIMITED,2020-09-01
Matthew Charles Cruttenden,BOWMER AND KIRKLAND LIMITED,2020-09-01
Neil Kenneth Brook,BOWMER AND KIRKLAND LIMITED,2020-09-01
Matthew Greavey,HOMESHAPED LTD,2020-09-01
Matthew Greavey,HOMESHAPED LTD,2020-09-01
Matthew Greavey,HOMESHAPED LTD,2020-09-01
Andrew Kelly,HOMESHAPED LTD,2020-09-01
Andrew Kelly,HOMESHAPED LTD,2020-09-01
Andrew Kelly,HOMESHAPED LTD,2020-09-01
Timothy Nicholas Johnson,WALLED GARDEN MANAGEMENT COMPANY (DUNCTON) LIMITED,2020-09-01
Zsolt Porkolab,PROPIEDADES INVESTMENTS LIMITED,2020-09-01
Zsolt Porkolab,PROPIEDADES INVESTMENTS LIMITED,2020-09-01
Dordrecht,WELLL LIMITED,2020-09-01
Dordrecht,WELLL LIMITED,2020-09-01
Nicholas Edward Wilkinson,CHERRY TREE ESTATES LIMITED,2020-09-01
Brendan Terrence Maxwell,AMBER U.P.V.C. WINDOWS LIMITED,2020-09-01
Henriette Becky Conway,BLUE PLANET RECORDINGS LIMITED,2020-09-01
Michelle Louise Good,SHADES PHOTOGRAPHIC LIMITED,2020-09-01
Michelle Louise Good,SHADES PHOTOGRAPHIC LIMITED,2020-09-01
Michelle Louise Good,SHADES PHOTOGRAPHIC LIMITED,2020-09-01
Grace Attree,MARK ATTREE LTD,2020-09-01
Grace Attree,MARK ATTREE LTD,2020-09-01
Grace Attree,MARK ATTREE LTD,2020-09-01
Peter Jhon Anson,ANDREW COPELAND PROPERTIES LIMITED,2020-09-01
Andres James Copeland,ANDREW COPELAND INTERNATIONAL LIMITED,2020-09-01
BABCOCK SUPPORT SERVICES (INVESTMENTS) LIMITED,BABCOCK CIVIL INFRASTRUCTURE LIMITED,2020-09-01
BABCOCK SUPPORT SERVICES (INVESTMENTS) LIMITED,BABCOCK CIVIL INFRASTRUCTURE LIMITED,2020-09-01
BABCOCK SUPPORT SERVICES (INVESTMENTS) LIMITED,BABCOCK CIVIL INFRASTRUCTURE LIMITED,2020-09-01
Jessica Louise Woodroffe,THE WOODHOUSE BUTCHERY LTD,2020-09-01
SUPPORTING EDUCATION GROUP LIMITED,FRONTING THE CHALLENGE PROJECTS LIMITED,2020-09-01
SUPPORTING EDUCATION GROUP LIMITED,FRONTING THE CHALLENGE PROJECTS LIMITED,2020-09-01
SUPPORTING EDUCATION GROUP LIMITED,FRONTING THE CHALLENGE PROJECTS LIMITED,2020-09-01
Joel Schreiber,TKB HOLDINGS (UK) LIMITED,2020-09-01
Joel Schreiber,TKB HOLDINGS (UK) LIMITED,2020-09-01
Joel Schreiber,TKB HOLDINGS (UK) LIMITED,2020-09-01
Naveen Gade,SRIDIVYA IT SOLUTIONS LIMITED,2020-09-01
Raymond Geoffrey Challand,NO PLACE PRODUCTIONS,2020-09-01
OCTOPUS HOLDINGS LIMITED,OCTOPUS MULTI-SYSTEMS LIMITED,2020-09-01
AZTEC GROUP (UK) LIMITED,AZTEC SIGNS LIMITED,2020-09-01
AZTEC GROUP (UK) LIMITED,PROMOPRODUCTS.NET LIMITED,2020-09-01
Christopher Brock,BROCKS TRAINING CENTRE OF EXCELLENCE LTD,2020-09-01
BESPOKE XYZ LIMITED,JEB PROJECTS LTD,2020-09-01
BESPOKE XYZ LIMITED,JEB PROJECTS LTD,2020-09-01
BESPOKE XYZ LIMITED,JEB PROJECTS LTD,2020-09-01
BESPOKE XYZ LIMITED,SB MANAGEMENT PROJECTS LIMITED,2020-09-01
BESPOKE XYZ LIMITED,SB MANAGEMENT PROJECTS LIMITED,2020-09-01
BESPOKE XYZ LIMITED,SB MANAGEMENT PROJECTS LIMITED,2020-09-01
BESPOKE XYZ LIMITED,BESPOKE SOLUTIONS CONSULTANCY LIMITED,2020-09-01
BESPOKE XYZ LIMITED,BESPOKE SOLUTIONS CONSULTANCY LIMITED,2020-09-01
BESPOKE XYZ LIMITED,BESPOKE SOLUTIONS CONSULTANCY LIMITED,2020-09-01
Alan Duggan,CULMEN CONSULTING LTD,2020-09-01
AVANADE EUROPE SERVICES LTD.,CLOUDPOINT LIMITED,2020-09-01
AVANADE EUROPE SERVICES LTD.,CLOUDPOINT LIMITED,2020-09-01
AVANADE EUROPE SERVICES LTD.,CLOUDPOINT LIMITED,2020-09-01
Danielle Brown,GREAT ALE AT THE VAULTS LTD,2020-09-01
Mohammed Amir,ICLAIMS MEDICALS LIMITED,2020-09-01
Mohammed Amir,ICLAIMS MEDICALS LIMITED,2020-09-01
John Graham Leigh,MELROSE MANAGEMENT (BUXTON) LIMITED,2020-09-01
Thelma Kyei Baffour,STENTORIAN SOLUTIONS LTD.,2020-09-01
Thelma Kyei Baffour,STENTORIAN SOLUTIONS LTD.,2020-09-01
Thelma Kyei Baffour,STENTORIAN SOLUTIONS LTD.,2020-09-01
HACHETTE UK LIMITED,MANDEVILLE PUBLISHING LIMITED,2020-09-01
Susanne Penelope Lees,LEES MEDICAL SERVICES LIMITED,2020-09-01
Durjay Singh,INNOVATRICS LTD,2020-09-01
OSTREA PARTICIPATIONS LIMITED,REWERK INTERNATIONAL IBC LIMITED,2020-09-01
BW GLOBAL LIMITED,FRANC INDUSTRIES LIMITED,2020-09-01
BW GLOBAL LIMITED,FRANC INDUSTRIES LIMITED,2020-09-01
BW GLOBAL LIMITED,FRANC INDUSTRIES LIMITED,2020-09-01
Coral Hamilton,STRATEGIC RESOURCES MANAGEMENT LIMITED,2020-09-01
Coral Hamilton,STRATEGIC RESOURCES MANAGEMENT LIMITED,2020-09-01
Andrew Jan Szeliga,HOLY FAMILY CATHOLIC PRIMARY AND NURSERY SCHOOL,2020-09-01
Gerwyn Maybery Jones,JONES BROTHERS (AMMANFORD) LIMITED,2020-09-01
Gerwyn Maybery Jones,JONES BROTHERS (AMMANFORD) LIMITED,2020-09-01
BAGNALL ENERGY LIMITED,CHALKHILL LIFE HOLDINGS LIMITED,2020-09-01
BAGNALL ENERGY LIMITED,CHALKHILL LIFE HOLDINGS LIMITED,2020-09-01
Timothy John Entwistle,PANNELLS LLP,2020-09-01
Tinotenda Abigail Domboka,LOTHIAN TRADING SERVICES LTD,2020-09-01
Tinotenda Abigail Domboka,LOTHIAN TRADING SERVICES LTD,2020-09-01
TILNEY SMITH & WILLIAMSON LIMITED,SMITH & WILLIAMSON HOLDINGS LIMITED,2020-09-01
TILNEY SMITH & WILLIAMSON LIMITED,SMITH & WILLIAMSON HOLDINGS LIMITED,2020-09-01
Sukhdip Kaur,PLATINUM DISTRIBUTIONS LTD,2020-09-01
Sukhdip Kaur,PLATINUM DISTRIBUTIONS LTD,2020-09-01
Sukhdip Kaur,PLATINUM DISTRIBUTIONS LTD,2020-09-01
Suncoast Holding B.V.,SUNCOAST YACHTING EUROPE LIMITED,2020-09-01
Mohammud Jaufarally,THE CROFT RESIDENTIAL CARE HOME LTD,2020-09-01
Sophie Harriet Lewis,A P LEWIS & SONS LIMITED,2020-09-01
EPAM SYSTEMS LTD,RICSTON UK LIMITED,2020-09-01
EPAM SYSTEMS LTD,RICSTON UK LIMITED,2020-09-01
Tony Lawrence Harwood,AL HARWOOD BUILDING SERVICES LIMITED,2020-09-01
John Walker,FUSION OPTIMA LIMITED,2020-09-01
Rwe Ag,RWE RENEWABLES UK HOLDINGS LIMITED,2020-09-01
Rwe Ag,RWE RENEWABLES UK HOLDINGS LIMITED,2020-09-01
Joanna Jones,4 JAYS CONSULTING LTD,2020-09-01
GLOBAL SHIPPING SERVICES GROUP HOLDINGS LIMITED,GLOBAL SHIPPING SERVICES ESTATES LIMITED,2020-09-01
Deborah Joy Harney,POWNALL PLACE RESIDENTS ASSOCIATION LIMITED,2020-09-01
